Directory structure for: ./memories

./memories
./memories\directory_structure.txt
./memories\Memory_connecions_map.txt
./memories\Actions & Results
./memories\Actions & Results\Actions & Results
./memories\Actions & Results\Actions & Results\Future
./memories\Actions & Results\Actions & Results\Past
./memories\Actions & Results\Actions & Results\Present
./memories\Challenges & Setbacks
./memories\Challenges & Setbacks\Areas for Improvement
./memories\Challenges & Setbacks\Difficult Emotions
./memories\Challenges & Setbacks\Difficult Emotions\Anger & Frustration
./memories\Challenges & Setbacks\Difficult Emotions\Fear & Anxiety
./memories\Challenges & Setbacks\Difficult Emotions\Jealousy & Envy
./memories\Challenges & Setbacks\Difficult Emotions\Sadness & Grief
./memories\Challenges & Setbacks\Difficult Emotions\Shame & Guilt
./memories\Challenges & Setbacks\Difficult Emotions\Trauma & Abuse
./memories\Challenges & Setbacks\Difficult Emotions\Trauma & Abuse\Experiences
./memories\Challenges & Setbacks\Difficult Emotions\Trauma & Abuse\Healing Journey
./memories\Challenges & Setbacks\Difficult Emotions\Trauma & Abuse\Impact
./memories\Challenges & Setbacks\Failures & Disappointments
./memories\Challenges & Setbacks\Failures & Disappointments\In Career
./memories\Challenges & Setbacks\Failures & Disappointments\In Personal Projects
./memories\Challenges & Setbacks\Failures & Disappointments\In Relationships
./memories\Challenges & Setbacks\Negative Thought Patterns
./memories\Challenges & Setbacks\Significant Mistakes
./memories\Challenges & Setbacks\Significant Mistakes\Description
./memories\Challenges & Setbacks\Significant Mistakes\How I Grew
./memories\Challenges & Setbacks\Significant Mistakes\Lessons Learned
./memories\CoreMemory
./memories\CoreMemory\Conceptual Exploration
./memories\CoreMemory\Conceptual Exploration\Contradictions & Dilemmas
./memories\CoreMemory\Conceptual Exploration\Paradoxes & Contradictions
./memories\CoreMemory\Conceptual Exploration\Unknowns & Mysteries
./memories\CoreMemory\Core Experiences
./memories\CoreMemory\Core Experiences\Challenges Faced
./memories\CoreMemory\Core Experiences\Challenges Faced\External Challenges
./memories\CoreMemory\Core Experiences\Challenges Faced\External Challenges\Obstacles
./memories\CoreMemory\Core Experiences\Challenges Faced\External Challenges\Obstacles\How I Overcame Them
./memories\CoreMemory\Core Experiences\Challenges Faced\External Challenges\Obstacles\Types of Obstacles
./memories\CoreMemory\Core Experiences\Challenges Faced\External Challenges\Obstacles\What I Learned
./memories\CoreMemory\Core Experiences\Challenges Faced\External Challenges\Setbacks
./memories\CoreMemory\Core Experiences\Challenges Faced\External Challenges\Setbacks\How I Recovered
./memories\CoreMemory\Core Experiences\Challenges Faced\External Challenges\Setbacks\Types of Setbacks
./memories\CoreMemory\Core Experiences\Challenges Faced\External Challenges\Setbacks\What I Learned
./memories\CoreMemory\Core Experiences\Challenges Faced\Internal Challenges
./memories\CoreMemory\Core Experiences\Challenges Faced\Internal Challenges\Fear & Anxiety
./memories\CoreMemory\Core Experiences\Challenges Faced\Internal Challenges\Fear & Anxiety\How I Coped
./memories\CoreMemory\Core Experiences\Challenges Faced\Internal Challenges\Fear & Anxiety\Specific Fears
./memories\CoreMemory\Core Experiences\Challenges Faced\Internal Challenges\Fear & Anxiety\What I Learned
./memories\CoreMemory\Core Experiences\Challenges Faced\Internal Challenges\Negative Thought Patterns
./memories\CoreMemory\Core Experiences\Challenges Faced\Internal Challenges\Negative Thought Patterns\Common Negative Thoughts
./memories\CoreMemory\Core Experiences\Challenges Faced\Internal Challenges\Negative Thought Patterns\Strategies for Changing Them
./memories\CoreMemory\Core Experiences\Challenges Faced\Internal Challenges\Negative Thought Patterns\What I Learned
./memories\CoreMemory\Core Experiences\Challenges Faced\Internal Challenges\Self-Doubt
./memories\CoreMemory\Core Experiences\Challenges Faced\Internal Challenges\Self-Doubt\How I Overcame It
./memories\CoreMemory\Core Experiences\Challenges Faced\Internal Challenges\Self-Doubt\Sources of Self-Doubt
./memories\CoreMemory\Core Experiences\Challenges Faced\Internal Challenges\Self-Doubt\What I Learned
./memories\CoreMemory\Core Experiences\Life-Changing Events
./memories\CoreMemory\Core Experiences\Life-Changing Events\Negative
./memories\CoreMemory\Core Experiences\Life-Changing Events\Positive
./memories\CoreMemory\Core Experiences\Significant Moments
./memories\CoreMemory\Core Experiences\Significant Moments\Other
./memories\CoreMemory\Core Experiences\Significant Moments\Personal
./memories\CoreMemory\Core Experiences\Significant Moments\Professional
./memories\CoreMemory\Core Experiences\Significant Moments\Travel
./memories\CoreMemory\Core Experiences\Triumphs & Accomplishments
./memories\CoreMemory\Core Experiences\Triumphs & Accomplishments\Creative Wins
./memories\CoreMemory\Core Experiences\Triumphs & Accomplishments\Creative Wins\Creative Works
./memories\CoreMemory\Core Experiences\Triumphs & Accomplishments\Creative Wins\Impact on Life
./memories\CoreMemory\Core Experiences\Triumphs & Accomplishments\Creative Wins\Recognition & Awards
./memories\CoreMemory\Core Experiences\Triumphs & Accomplishments\Personal Achievements
./memories\CoreMemory\Core Experiences\Triumphs & Accomplishments\Personal Achievements\Goals Achieved
./memories\CoreMemory\Core Experiences\Triumphs & Accomplishments\Personal Achievements\Impact on Life
./memories\CoreMemory\Core Experiences\Triumphs & Accomplishments\Personal Achievements\Personal Growth
./memories\CoreMemory\Core Experiences\Triumphs & Accomplishments\Professional Successes
./memories\CoreMemory\Core Experiences\Triumphs & Accomplishments\Professional Successes\Career Growth
./memories\CoreMemory\Core Experiences\Triumphs & Accomplishments\Professional Successes\Impact on Life
./memories\CoreMemory\Core Experiences\Triumphs & Accomplishments\Professional Successes\Projects & Achievements
./memories\CoreMemory\Core Experiences\Turning Points
./memories\CoreMemory\Core Experiences\Turning Points\In Career
./memories\CoreMemory\Core Experiences\Turning Points\In Personal Growth
./memories\CoreMemory\Core Experiences\Turning Points\In Relationships
./memories\CoreMemory\Core Experiences\Turning Points\Other
./memories\CoreMemory\Goals & Visions
./memories\CoreMemory\Goals & Visions\Life Vision
./memories\CoreMemory\Goals & Visions\Life Vision\Long-Term Goals
./memories\CoreMemory\Goals & Visions\Life Vision\Mid-Term Goals
./memories\CoreMemory\Goals & Visions\Life Vision\Short-Term Goals
./memories\CoreMemory\Goals & Visions\Personal Goals
./memories\CoreMemory\Goals & Visions\Personal Goals\Long-Term Goals
./memories\CoreMemory\Goals & Visions\Personal Goals\Mid-Term Goals
./memories\CoreMemory\Goals & Visions\Personal Goals\Short-Term Goals
./memories\CoreMemory\Knowledge Base
./memories\CoreMemory\Knowledge Base\Areas of Expertise
./memories\CoreMemory\Knowledge Base\Key Concepts & Theories
./memories\CoreMemory\Knowledge Base\Personal Beliefs & Values
./memories\CoreMemory\Reflections & Insights
./memories\CoreMemory\Reflections & Insights\Lessons Learned
./memories\CoreMemory\Reflections & Insights\Lessons Learned\From Mistakes
./memories\CoreMemory\Reflections & Insights\Lessons Learned\From Relationships
./memories\CoreMemory\Reflections & Insights\Lessons Learned\From Successes
./memories\CoreMemory\Reflections & Insights\Self-Discovery
./memories\CoreMemory\Reflections & Insights\Self-Discovery\Areas for Growth
./memories\CoreMemory\Reflections & Insights\Self-Discovery\Strengths & Talents
./memories\CoreMemory\Reflections & Insights\Self-Discovery\What I've Learned About Myself
./memories\CoreMemory\Relationships
./memories\CoreMemory\Relationships\Family
./memories\CoreMemory\Relationships\Family\Extended Family
./memories\CoreMemory\Relationships\Family\Extended Family\Challenges Faced
./memories\CoreMemory\Relationships\Family\Extended Family\Impact on My Life
./memories\CoreMemory\Relationships\Family\Extended Family\Lessons Learned
./memories\CoreMemory\Relationships\Family\Extended Family\Memorable Moments
./memories\CoreMemory\Relationships\Family\Parents
./memories\CoreMemory\Relationships\Family\Parents\Challenges Faced
./memories\CoreMemory\Relationships\Family\Parents\Impact on My Life
./memories\CoreMemory\Relationships\Family\Parents\Lessons Learned
./memories\CoreMemory\Relationships\Family\Parents\Memorable Moments
./memories\CoreMemory\Relationships\Family\Siblings
./memories\CoreMemory\Relationships\Family\Siblings\Challenges Faced
./memories\CoreMemory\Relationships\Family\Siblings\Impact on My Life
./memories\CoreMemory\Relationships\Family\Siblings\Lessons Learned
./memories\CoreMemory\Relationships\Family\Siblings\Memorable Moments
./memories\CoreMemory\Relationships\Friendships
./memories\CoreMemory\Relationships\Friendships\Circles & Groups
./memories\CoreMemory\Relationships\Friendships\Circles & Groups\Impact on My Life
./memories\CoreMemory\Relationships\Friendships\Circles & Groups\Lessons Learned
./memories\CoreMemory\Relationships\Friendships\Circles & Groups\Shared Experiences
./memories\CoreMemory\Relationships\Friendships\Close Friends
./memories\CoreMemory\Relationships\Friendships\Close Friends\Challenges Faced
./memories\CoreMemory\Relationships\Friendships\Close Friends\Impact on My Life
./memories\CoreMemory\Relationships\Friendships\Close Friends\Lessons Learned
./memories\CoreMemory\Relationships\Friendships\Close Friends\Memorable Moments
./memories\CoreMemory\Relationships\Friendships\Meaningful Interactions
./memories\CoreMemory\Relationships\Friendships\Meaningful Interactions\Impact on My Life
./memories\CoreMemory\Relationships\Friendships\Meaningful Interactions\Lessons Learned
./memories\CoreMemory\Relationships\Friendships\Meaningful Interactions\Unexpected Encounters
./memories\CoreMemory\Relationships\Romantic Relationships
./memories\CoreMemory\Relationships\Romantic Relationships\Partners
./memories\CoreMemory\Relationships\Romantic Relationships\Partners\Challenges Faced
./memories\CoreMemory\Relationships\Romantic Relationships\Partners\Impact on My Life
./memories\CoreMemory\Relationships\Romantic Relationships\Partners\Lessons Learned
./memories\CoreMemory\Relationships\Romantic Relationships\Partners\Memorable Moments
./memories\CoreMemory\Relationships\Romantic Relationships\Relationship Milestones
./memories\CoreMemory\Relationships\Romantic Relationships\Relationship Milestones\First Date
./memories\CoreMemory\Relationships\Romantic Relationships\Relationship Milestones\First Kiss
./memories\CoreMemory\Relationships\Romantic Relationships\Relationship Milestones\Marriage
./memories\CoreMemory\Relationships\Romantic Relationships\Relationship Milestones\Moving In Together
./memories\CoreMemory\Relationships\Romantic Relationships\Relationship Milestones\Other Milestones
./memories\Emotional Landscape
./memories\Emotional Landscape\Dominant Emotions
./memories\Emotional Landscape\Emotional Triggers
./memories\Emotions & Reflections
./memories\Emotions & Reflections\Emotional Experiences
./memories\Emotions & Reflections\Emotional Experiences\Dominant Emotions
./memories\Emotions & Reflections\Emotional Experiences\Emotional Triggers
./memories\Emotions & Reflections\Personal Growth & Insights
./memories\Emotions & Reflections\Personal Growth & Insights\Lessons Learned
./memories\Emotions & Reflections\Personal Growth & Insights\Self-Discovery
./memories\Goals & Aspirations
./memories\Goals & Aspirations\Life Vision
./memories\Goals & Aspirations\Life Vision\Aspirations
./memories\Goals & Aspirations\Life Vision\Dreams
./memories\Goals & Aspirations\Life Vision\Values & Beliefs
./memories\Goals & Aspirations\Personal Goals
./memories\Goals & Aspirations\Personal Goals\Creative Pursuits
./memories\Goals & Aspirations\Personal Goals\Health & Wellbeing
./memories\Goals & Aspirations\Personal Goals\Other Personal Goals
./memories\Goals & Aspirations\Personal Goals\Personal Development
./memories\Goals & Aspirations\Personal Goals\Relationships
./memories\Goals & Aspirations\Professional Goals
./memories\Goals & Aspirations\Professional Goals\Career Advancement
./memories\Goals & Aspirations\Professional Goals\Other Professional Goals
./memories\Goals & Aspirations\Professional Goals\Project Goals
./memories\Goals & Aspirations\Professional Goals\Skills & Expertise
./memories\Knowledge & Learning
./memories\Knowledge & Learning\Formal Education
./memories\Knowledge & Learning\Formal Education\Degrees & Certifications
./memories\Knowledge & Learning\Formal Education\Schools
./memories\Knowledge & Learning\Formal Education\Significant Projects
./memories\Knowledge & Learning\Knowledge Base
./memories\Knowledge & Learning\Knowledge Base\Artistic Movements
./memories\Knowledge & Learning\Knowledge Base\Cultural Insights
./memories\Knowledge & Learning\Knowledge Base\Facts & Concepts
./memories\Knowledge & Learning\Knowledge Base\Historical Events
./memories\Knowledge & Learning\Knowledge Base\Philosophical Ideas
./memories\Knowledge & Learning\Knowledge Base\Scientific Discoveries
./memories\Knowledge & Learning\Laws & Regulations
./memories\Knowledge & Learning\Laws & Regulations\Legal Knowledge
./memories\Knowledge & Learning\Laws & Regulations\Personal Experiences with Laws
./memories\Knowledge & Learning\Laws & Regulations\Understanding of Legal Systems
./memories\Knowledge & Learning\Self-Directed Learning
./memories\Knowledge & Learning\Self-Directed Learning\Areas of Interest
./memories\Knowledge & Learning\Self-Directed Learning\Learning Resources
./memories\Knowledge & Learning\Self-Directed Learning\Learning Resources\Bookshelf
./memories\Knowledge & Learning\Self-Directed Learning\Learning Resources\Mentors & Teachers
./memories\Knowledge & Learning\Self-Directed Learning\Learning Resources\Online Courses
./memories\Knowledge & Learning\Self-Directed Learning\Skills Acquired
./memories\Life Events & Transitions
./memories\Life Events & Transitions\Life Transitions
./memories\Life Events & Transitions\Life Transitions\Health & Wellbeing
./memories\Life Events & Transitions\Life Transitions\Health & Wellbeing\Habits & Routines
./memories\Life Events & Transitions\Life Transitions\Health & Wellbeing\Mental & Emotional Health
./memories\Life Events & Transitions\Life Transitions\Health & Wellbeing\Physical Health
./memories\Life Events & Transitions\Life Transitions\Knowledge & Skills
./memories\Life Events & Transitions\Life Transitions\Knowledge & Skills\Formal Education
./memories\Life Events & Transitions\Life Transitions\Knowledge & Skills\Self-Directed Learning
./memories\Life Events & Transitions\Life Transitions\Knowledge & Skills\Skills & Expertise
./memories\Life Events & Transitions\Life Transitions\Personal Growth
./memories\Life Events & Transitions\Life Transitions\Personal Growth\Challenges Overcome
./memories\Life Events & Transitions\Life Transitions\Personal Growth\Milestones
./memories\Life Events & Transitions\Life Transitions\Personal Growth\Significant Decisions
./memories\Life Events & Transitions\Life Transitions\Relationships
./memories\Life Events & Transitions\Life Transitions\Relationships\Family Dynamics
./memories\Life Events & Transitions\Life Transitions\Relationships\Friendships
./memories\Life Events & Transitions\Life Transitions\Relationships\Professional Connections
./memories\Life Events & Transitions\Life Transitions\Relationships\Romantic Relationships
./memories\Life Events & Transitions\Significant Events
./memories\Life Events & Transitions\Significant Events\Other
./memories\Life Events & Transitions\Significant Events\Personal
./memories\Life Events & Transitions\Significant Events\Personal\Birthdays
./memories\Life Events & Transitions\Significant Events\Personal\Graduations
./memories\Life Events & Transitions\Significant Events\Personal\Other Personal Events
./memories\Life Events & Transitions\Significant Events\Personal\Weddings
./memories\Life Events & Transitions\Significant Events\Professional
./memories\Life Events & Transitions\Significant Events\Professional\Job Changes
./memories\Life Events & Transitions\Significant Events\Professional\Other Professional Events
./memories\Life Events & Transitions\Significant Events\Professional\Project Completions
./memories\Life Events & Transitions\Significant Events\Professional\Promotions
./memories\Life Events & Transitions\Significant Events\Travel
./memories\Life Events & Transitions\Significant Events\Travel\Moving Homes
./memories\Life Events & Transitions\Significant Events\Travel\Other Travel Events
./memories\Life Events & Transitions\Significant Events\Travel\Trips & Journeys
./memories\Planning & Progress
./memories\Planning & Progress\Plans & Strategies
./memories\Planning & Progress\Plans & Strategies\Long-Term Plans
./memories\Planning & Progress\Plans & Strategies\Short-Term Plans
./memories\Planning & Progress\Plans & Strategies\Strategies Used
./memories\Planning & Progress\Plans & Strategies\Strategies Used\Goal Setting
./memories\Planning & Progress\Plans & Strategies\Strategies Used\Other Strategies
./memories\Planning & Progress\Plans & Strategies\Strategies Used\Problem Solving
./memories\Planning & Progress\Plans & Strategies\Strategies Used\Time Management
./memories\Planning & Progress\Progress & Outcomes
./memories\Planning & Progress\Progress & Outcomes\Goals Achieved
./memories\Planning & Progress\Progress & Outcomes\Goals Not Achieved
./memories\Planning & Progress\Progress & Outcomes\Lessons Learned from Progress
./memories\Planning & Progress\Progress & Outcomes\Results of Actions
./memories\Planning & Progress\Progress & Outcomes\Results of Actions\Negative Results
./memories\Planning & Progress\Progress & Outcomes\Results of Actions\Positive Results
